,pv
0,0.0
1,0.0
2,0.0
3,0.0
4,0.0
5,0.0
6,0.0
7,0.0
8,0.0
9,0.0
10,0.0
11,0.0
12,0.0
13,0.0
14,0.0
15,0.0
16,0.0
17,0.0
18,0.0
19,0.0
20,0.012052864574918408
21,0.012052864574918408
22,0.012052864574918408
23,0.012052864574918408
24,0.026125311015607333
25,0.026125311015607333
26,0.026125311015607333
27,0.026125311015607333
28,0.08850615568552689
29,0.08850615568552689
30,0.08850615568552689
31,0.08850615568552689
32,0.25005654829224155
33,0.25005654829224155
34,0.25005654829224155
35,0.25005654829224155
36,0.16841697095033442
37,0.16841697095033442
38,0.16841697095033442
39,0.16841697095033442
40,0.23747051410475975
41,0.23747051410475975
42,0.23747051410475975
43,0.23747051410475975
44,0.4605939186350858
45,0.4605939186350858
46,0.4605939186350858
47,0.4605939186350858
48,0.4957831130642712
49,0.4957831130642712
50,0.4957831130642712
51,0.4957831130642712
52,0.10309561508385305
53,0.10309561508385305
54,0.10309561508385305
55,0.10309561508385305
56,0.4131902930817204
57,0.4131902930817204
58,0.4131902930817204
59,0.4131902930817204
60,0.16171195915597636
61,0.16171195915597636
62,0.16171195915597636
63,0.16171195915597636
64,0.08123566096875304
65,0.08123566096875304
66,0.08123566096875304
67,0.08123566096875304
68,0.056612918861278956
69,0.056612918861278956
70,0.056612918861278956
71,0.056612918861278956
72,0.04927779752480046
73,0.04927779752480046
74,0.04927779752480046
75,0.04927779752480046
76,0.009338546547322841
77,0.009338546547322841
78,0.009338546547322841
79,0.009338546547322841
80,0.0
81,0.0
82,0.0
83,0.0
84,0.0
85,0.0
86,0.0
87,0.0
88,0.0
89,0.0
90,0.0
91,0.0
92,0.0
93,0.0
94,0.0
95,0.0
96,0.0
97,0.0
98,0.0
99,0.0
100,0.0
101,0.0
102,0.0
103,0.0
104,0.0
105,0.0
106,0.0
107,0.0
108,0.0
109,0.0
110,0.0
111,0.0
112,0.0
113,0.0
114,0.0
115,0.0
116,0.06789026399974149
117,0.06789026399974149
118,0.06789026399974149
119,0.06789026399974149
120,0.16814230781658965
121,0.16814230781658965
122,0.16814230781658965
123,0.16814230781658965
124,0.22275180146702428
125,0.22275180146702428
126,0.22275180146702428
127,0.22275180146702428
128,0.4554237890587133
129,0.4554237890587133
130,0.4554237890587133
131,0.4554237890587133
132,0.4262287136071348
133,0.4262287136071348
134,0.4262287136071348
135,0.4262287136071348
136,0.15783436197369696
137,0.15783436197369696
138,0.15783436197369696
139,0.15783436197369696
140,0.23934468607619477
141,0.23934468607619477
142,0.23934468607619477
143,0.23934468607619477
144,0.6150192264193621
145,0.6150192264193621
146,0.6150192264193621
147,0.6150192264193621
148,0.7397001324845704
149,0.7397001324845704
150,0.7397001324845704
151,0.7397001324845704
152,0.5046531166187352
153,0.5046531166187352
154,0.5046531166187352
155,0.5046531166187352
156,0.5237018127766827
157,0.5237018127766827
158,0.5237018127766827
159,0.5237018127766827
160,0.35202119753126315
161,0.35202119753126315
162,0.35202119753126315
163,0.35202119753126315
164,0.15613791320644974
165,0.15613791320644974
166,0.15613791320644974
167,0.15613791320644974
168,0.07126700487930979
169,0.07126700487930979
170,0.07126700487930979
171,0.07126700487930979
172,0.0029889811613403555
173,0.0029889811613403555
174,0.0029889811613403555
175,0.0029889811613403555
176,0.0
177,0.0
178,0.0
179,0.0
180,0.0
181,0.0
182,0.0
183,0.0
184,0.0
185,0.0
186,0.0
187,0.0
188,0.0
189,0.0
190,0.0
191,0.0
192,0.0
193,0.0
194,0.0
195,0.0
196,0.0
197,0.0
198,0.0
199,0.0
200,0.0
201,0.0
202,0.0
203,0.0
204,0.0
205,0.0
206,0.0
207,0.0
208,0.0
209,0.0
210,0.0
211,0.0
212,0.04510938055385013
213,0.04510938055385013
214,0.04510938055385013
215,0.04510938055385013
216,0.2134132549197014
217,0.2134132549197014
218,0.2134132549197014
219,0.2134132549197014
220,0.276488835751446
221,0.276488835751446
222,0.276488835751446
223,0.276488835751446
224,0.29183765793130184
225,0.29183765793130184
226,0.29183765793130184
227,0.29183765793130184
228,0.41622774420783926
229,0.41622774420783926
230,0.41622774420783926
231,0.41622774420783926
232,0.6685785374995961
233,0.6685785374995961
234,0.6685785374995961
235,0.6685785374995961
236,0.7213300158335219
237,0.7213300158335219
238,0.7213300158335219
239,0.7213300158335219
240,0.7508966943484021
241,0.7508966943484021
242,0.7508966943484021
243,0.7508966943484021
244,0.719278120657899
245,0.719278120657899
246,0.719278120657899
247,0.719278120657899
248,0.6403528613435875
249,0.6403528613435875
250,0.6403528613435875
251,0.6403528613435875
252,0.44427569715966003
253,0.44427569715966003
254,0.44427569715966003
255,0.44427569715966003
256,0.34862829999676864
257,0.34862829999676864
258,0.34862829999676864
259,0.34862829999676864
260,0.1620027789446473
261,0.1620027789446473
262,0.1620027789446473
263,0.1620027789446473
264,0.07044301547807542
265,0.07044301547807542
266,0.07044301547807542
267,0.07044301547807542
268,0.014282482954729052
269,0.014282482954729052
270,0.014282482954729052
271,0.014282482954729052
272,0.0
273,0.0
274,0.0
275,0.0
276,0.0
277,0.0
278,0.0
279,0.0
280,0.0
281,0.0
282,0.0
283,0.0
284,0.0
285,0.0
286,0.0
287,0.0
288,0.0
289,0.0
290,0.0
291,0.0
292,0.0
293,0.0
294,0.0
295,0.0
296,0.0
297,0.0
298,0.0
299,0.0
300,0.0
301,0.0
302,0.0
303,0.0
304,0.0001292532394093127
305,0.0001292532394093127
306,0.0001292532394093127
307,0.0001292532394093127
308,0.06257472452903351
309,0.06257472452903351
310,0.06257472452903351
311,0.06257472452903351
312,0.20709600284357124
313,0.20709600284357124
314,0.20709600284357124
315,0.20709600284357124
316,0.4143051022716257
317,0.4143051022716257
318,0.4143051022716257
319,0.4143051022716257
320,0.5646589330145088
321,0.5646589330145088
322,0.5646589330145088
323,0.5646589330145088
324,0.7031699356965134
325,0.7031699356965134
326,0.7031699356965134
327,0.7031699356965134
328,0.650063010954212
329,0.650063010954212
330,0.650063010954212
331,0.650063010954212
332,0.7680227485701361
333,0.7680227485701361
334,0.7680227485701361
335,0.7680227485701361
336,0.6301903253950302
337,0.6301903253950302
338,0.6301903253950302
339,0.6301903253950302
340,0.503150547710602
341,0.503150547710602
342,0.503150547710602
343,0.503150547710602
344,0.6209164054674121
345,0.6209164054674121
346,0.6209164054674121
347,0.6209164054674121
348,0.18568843506640384
349,0.18568843506640384
350,0.18568843506640384
351,0.18568843506640384
352,0.19224803696642648
353,0.19224803696642648
354,0.19224803696642648
355,0.19224803696642648
356,0.06939283290787475
357,0.06939283290787475
358,0.06939283290787475
359,0.06939283290787475
360,0.048906194461498693
361,0.048906194461498693
362,0.048906194461498693
363,0.048906194461498693
364,0.009241606617765857
365,0.009241606617765857
366,0.009241606617765857
367,0.009241606617765857
368,0.0
369,0.0
370,0.0
371,0.0
372,0.0
373,0.0
374,0.0
375,0.0
376,0.0
377,0.0
378,0.0
379,0.0
380,0.0
381,0.0
382,0.0
383,0.0
384,0.0
385,0.0
386,0.0
387,0.0
388,0.0
389,0.0
390,0.0
391,0.0
392,0.0
393,0.0
394,0.0
395,0.0
396,0.0
397,0.0
398,0.0
399,0.0
400,0.0025365948234077613
401,0.0025365948234077613
402,0.0025365948234077613
403,0.0025365948234077613
404,0.01475102594758781
405,0.01475102594758781
406,0.01475102594758781
407,0.01475102594758781
408,0.07813358322292953
409,0.07813358322292953
410,0.07813358322292953
411,0.07813358322292953
412,0.0
413,0.0
414,0.0
415,0.0
416,0.5033928975344945
417,0.5033928975344945
418,0.5033928975344945
419,0.5033928975344945
420,0.5047823698581446
421,0.5047823698581446
422,0.5047823698581446
423,0.5047823698581446
424,0.4198306782563737
425,0.4198306782563737
426,0.4198306782563737
427,0.4198306782563737
428,0.7134294115746276
429,0.7134294115746276
430,0.7134294115746276
431,0.7134294115746276
432,0.22389892396678188
433,0.22389892396678188
434,0.22389892396678188
435,0.22389892396678188
436,0.11976928296765438
437,0.11976928296765438
438,0.11976928296765438
439,0.11976928296765438
440,0.4600607490225223
441,0.4600607490225223
442,0.4600607490225223
443,0.4600607490225223
444,0.14713865641257634
445,0.14713865641257634
446,0.14713865641257634
447,0.14713865641257634
448,0.09110737712863928
449,0.09110737712863928
450,0.09110737712863928
451,0.09110737712863928
452,0.08239894012343683
453,0.08239894012343683
454,0.08239894012343683
455,0.08239894012343683
456,0.035334604323520855
457,0.035334604323520855
458,0.035334604323520855
459,0.035334604323520855
460,0.0137654699970918
461,0.0137654699970918
462,0.0137654699970918
463,0.0137654699970918
464,0.0
465,0.0
466,0.0
467,0.0
468,0.0
469,0.0
470,0.0
471,0.0
472,0.0
473,0.0
474,0.0
475,0.0
476,0.0
477,0.0
478,0.0
479,0.0
480,0.0
481,0.0
482,0.0
483,0.0
484,0.0
485,0.0
486,0.0
487,0.0
488,0.0
489,0.0
490,0.0
491,0.0
492,0.0
493,0.0
494,0.0
495,0.0
496,0.010372572462597344
497,0.010372572462597344
498,0.010372572462597344
499,0.010372572462597344
500,0.0645135231201732
501,0.0645135231201732
502,0.0645135231201732
503,0.0645135231201732
504,0.1765922383429735
505,0.1765922383429735
506,0.1765922383429735
507,0.1765922383429735
508,0.35887161921995664
509,0.35887161921995664
510,0.35887161921995664
511,0.35887161921995664
512,0.5818980838207257
513,0.5818980838207257
514,0.5818980838207257
515,0.5818980838207257
516,0.6678514880279187
517,0.6678514880279187
518,0.6678514880279187
519,0.6678514880279187
520,0.5591333570297605
521,0.5591333570297605
522,0.5591333570297605
523,0.5591333570297605
524,0.6666074255986041
525,0.6666074255986041
526,0.6666074255986041
527,0.6666074255986041
528,0.6561540698613758
529,0.6561540698613758
530,0.6561540698613758
531,0.6561540698613758
532,0.544705464180696
533,0.544705464180696
534,0.544705464180696
535,0.544705464180696
536,0.5406824571040811
537,0.5406824571040811
538,0.5406824571040811
539,0.5406824571040811
540,0.5662907551620513
541,0.5662907551620513
542,0.5662907551620513
543,0.5662907551620513
544,0.33500823989401235
545,0.33500823989401235
546,0.33500823989401235
547,0.33500823989401235
548,0.16247132193750607
549,0.16247132193750607
550,0.16247132193750607
551,0.16247132193750607
552,0.06438426988076389
553,0.06438426988076389
554,0.06438426988076389
555,0.06438426988076389
556,0.01344233689856852
557,0.01344233689856852
558,0.01344233689856852
559,0.01344233689856852
560,0.0
561,0.0
562,0.0
563,0.0
564,0.0
565,0.0
566,0.0
567,0.0
568,0.0
569,0.0
570,0.0
571,0.0
572,0.0
573,0.0
574,0.0
575,0.0
576,0.0
577,0.0
578,0.0
579,0.0
580,0.0
581,0.0
582,0.0
583,0.0
584,0.0
585,0.0
586,0.0
587,0.0
588,0.0
589,0.0
590,0.0
591,0.0
592,0.01038872911752351
593,0.01038872911752351
594,0.01038872911752351
595,0.01038872911752351
596,0.03472065143632662
597,0.03472065143632662
598,0.03472065143632662
599,0.03472065143632662
600,0.21079587682166284
601,0.21079587682166284
602,0.21079587682166284
603,0.21079587682166284
604,0.46613565127476003
605,0.46613565127476003
606,0.46613565127476003
607,0.46613565127476003
608,0.681568488060232
609,0.681568488060232
610,0.681568488060232
611,0.681568488060232
612,0.841971758167189
613,0.841971758167189
614,0.841971758167189
615,0.841971758167189
616,0.9457297961030149
617,0.9457297961030149
618,0.9457297961030149
619,0.9457297961030149
620,0.9898374640514428
621,0.9898374640514428
622,0.9898374640514428
623,0.9898374640514428
624,0.977946166025786
625,0.977946166025786
626,0.977946166025786
627,0.977946166025786
628,0.911477687659547
629,0.911477687659547
630,0.911477687659547
631,0.911477687659547
632,0.7871683846576404
633,0.7871683846576404
634,0.7871683846576404
635,0.7871683846576404
636,0.6052767634988853
637,0.6052767634988853
638,0.6052767634988853
639,0.6052767634988853
640,0.36473648495815425
641,0.36473648495815425
642,0.36473648495815425
643,0.36473648495815425
644,0.13983584838595017
645,0.13983584838595017
646,0.13983584838595017
647,0.13983584838595017
648,0.041538759815167865
649,0.041538759815167865
650,0.041538759815167865
651,0.041538759815167865
652,0.013733156687239475
653,0.013733156687239475
654,0.013733156687239475
655,0.013733156687239475
656,0.0
657,0.0
658,0.0
659,0.0
660,0.0
661,0.0
662,0.0
663,0.0
664,0.0
665,0.0
666,0.0
667,0.0
668,0.0
669,0.0
670,0.0
671,0.0
672,0.0
673,0.0
674,0.0
675,0.0
676,0.0
677,0.0
678,0.0
679,0.0
680,0.0
681,0.0
682,0.0
683,0.0
684,0.0
685,0.0
686,0.0
687,0.0
688,0.0047985265130707335
689,0.0047985265130707335
690,0.0047985265130707335
691,0.0047985265130707335
692,0.04115100009693993
693,0.04115100009693993
694,0.04115100009693993
695,0.04115100009693993
696,0.1986299156622613
697,0.1986299156622613
698,0.1986299156622613
699,0.1986299156622613
700,0.4360034898374641
701,0.4360034898374641
702,0.4360034898374641
703,0.4360034898374641
704,0.6443112418004976
705,0.6443112418004976
706,0.6443112418004976
707,0.6443112418004976
708,0.7949558923320514
709,0.7949558923320514
710,0.7949558923320514
711,0.7949558923320514
712,0.890118589847158
713,0.890118589847158
714,0.890118589847158
715,0.890118589847158
716,0.9356480434290885
717,0.9356480434290885
718,0.9356480434290885
719,0.9356480434290885
720,0.9319643261059232
721,0.9319643261059232
722,0.9319643261059232
723,0.9319643261059232
724,0.8122596697579733
725,0.8122596697579733
726,0.8122596697579733
727,0.8122596697579733
728,0.09349856205771157
729,0.09349856205771157
730,0.09349856205771157
731,0.09349856205771157
732,0.14768798268006592
733,0.14768798268006592
734,0.14768798268006592
735,0.14768798268006592
736,0.2714318027595567
737,0.2714318027595567
738,0.2714318027595567
739,0.2714318027595567
740,0.14020745144925195
741,0.14020745144925195
742,0.14020745144925195
743,0.14020745144925195
744,0.047759071961741034
745,0.047759071961741034
746,0.047759071961741034
747,0.047759071961741034
748,0.012876853976152777
749,0.012876853976152777
750,0.012876853976152777
751,0.012876853976152777
752,0.0
753,0.0
754,0.0
755,0.0
756,0.0
757,0.0
758,0.0
759,0.0
760,0.0
761,0.0
762,0.0
763,0.0
764,0.0
765,0.0
766,0.0
767,0.0
768,0.0
769,0.0
770,0.0
771,0.0
772,0.0
773,0.0
774,0.0
775,0.0
776,0.0
777,0.0
778,0.0
779,0.0
780,0.0
781,0.0
782,0.0
783,0.0
784,9.693992955698451e-05
785,9.693992955698451e-05
786,9.693992955698451e-05
787,9.693992955698451e-05
788,0.06042588942385369
789,0.06042588942385369
790,0.06042588942385369
791,0.06042588942385369
792,0.1841697095033444
793,0.1841697095033444
794,0.1841697095033444
795,0.1841697095033444
796,0.3986493036481727
797,0.3986493036481727
798,0.3986493036481727
799,0.3986493036481727
800,0.6042427375836107
801,0.6042427375836107
802,0.6042427375836107
803,0.6042427375836107
804,0.7712863928652212
805,0.7712863928652212
806,0.7712863928652212
807,0.7712863928652212
808,0.8581607264032055
809,0.8581607264032055
810,0.8581607264032055
811,0.8581607264032055
812,0.4733415193718293
813,0.4733415193718293
814,0.4733415193718293
815,0.4733415193718293
816,0.10965521698387566
817,0.10965521698387566
818,0.10965521698387566
819,0.10965521698387566
820,0.0653213558664814
821,0.0653213558664814
822,0.0653213558664814
823,0.0653213558664814
824,0.37884124470869546
825,0.37884124470869546
826,0.37884124470869546
827,0.37884124470869546
828,0.41567841794034954
829,0.41567841794034954
830,0.41567841794034954
831,0.41567841794034954
832,0.3319707887678935
833,0.3319707887678935
834,0.3319707887678935
835,0.3319707887678935
836,0.15337512521407567
837,0.15337512521407567
838,0.15337512521407567
839,0.15337512521407567
840,0.06330177400071088
841,0.06330177400071088
842,0.06330177400071088
843,0.06330177400071088
844,0.0058325524283452355
845,0.0058325524283452355
846,0.0058325524283452355
847,0.0058325524283452355
848,0.0
849,0.0
850,0.0
851,0.0
852,0.0
853,0.0
854,0.0
855,0.0
856,0.0
857,0.0
858,0.0
859,0.0
860,0.0
861,0.0
862,0.0
863,0.0
864,0.0
865,0.0
866,0.0
867,0.0
868,0.0
869,0.0
870,0.0
871,0.0
872,0.0
873,0.0
874,0.0
875,0.0
876,0.0
877,0.0
878,0.0
879,0.0
880,0.00478236985814457
881,0.00478236985814457
882,0.00478236985814457
883,0.00478236985814457
884,0.035140724464406886
885,0.035140724464406886
886,0.035140724464406886
887,0.035140724464406886
888,0.19932465182408635
889,0.19932465182408635
890,0.19932465182408635
891,0.19932465182408635
892,0.4481048243771609
893,0.4481048243771609
894,0.4481048243771609
895,0.4481048243771609
896,0.66384463760623
897,0.66384463760623
898,0.66384463760623
899,0.66384463760623
900,0.8236662681358452
901,0.8236662681358452
902,0.8236662681358452
903,0.8236662681358452
904,0.9235951788541701
905,0.9235951788541701
906,0.9235951788541701
907,0.9235951788541701
908,0.8079458428926874
909,0.8079458428926874
910,0.8079458428926874
911,0.8079458428926874
912,0.7754548098361715
913,0.7754548098361715
914,0.7754548098361715
915,0.7754548098361715
916,0.7297637897049795
917,0.7297637897049795
918,0.7297637897049795
919,0.7297637897049795
920,0.7163860794261157
921,0.7163860794261157
922,0.7163860794261157
923,0.7163860794261157
924,0.5723495007593628
925,0.5723495007593628
926,0.5723495007593628
927,0.5723495007593628
928,0.34646330823666266
929,0.34646330823666266
930,0.34646330823666266
931,0.34646330823666266
932,0.15676802274857013
933,0.15676802274857013
934,0.15676802274857013
935,0.15676802274857013
936,0.056225159143051026
937,0.056225159143051026
938,0.056225159143051026
939,0.056225159143051026
940,0.007028144892881378
941,0.007028144892881378
942,0.007028144892881378
943,0.007028144892881378
944,0.0
945,0.0
946,0.0
947,0.0
948,0.0
949,0.0
950,0.0
951,0.0
952,0.0
953,0.0
954,0.0
955,0.0
956,0.0
957,0.0
958,0.0
959,0.0
960,0.0
961,0.0
962,0.0
963,0.0
964,0.0
965,0.0
966,0.0
967,0.0
968,0.0
969,0.0
970,0.0
971,0.0
972,0.0
973,0.0
974,0.0
975,0.0
976,0.007981387533525059
977,0.007981387533525059
978,0.007981387533525059
979,0.007981387533525059
980,0.034025915274501564
981,0.034025915274501564
982,0.034025915274501564
983,0.034025915274501564
984,0.19609332083885356
985,0.19609332083885356
986,0.19609332083885356
987,0.19609332083885356
988,0.44248230846285586
989,0.44248230846285586
990,0.44248230846285586
991,0.44248230846285586
992,0.5881991792419298
993,0.5881991792419298
994,0.5881991792419298
995,0.5881991792419298
996,0.7808996025462888
997,0.7808996025462888
998,0.7808996025462888
999,0.7808996025462888
1000,0.8841729408343297
1001,0.8841729408343297
1002,0.8841729408343297
1003,0.8841729408343297
1004,0.9166962872006978
1005,0.9166962872006978
1006,0.9166962872006978
1007,0.9166962872006978
1008,0.9581381070863089
1009,0.9581381070863089
1010,0.9581381070863089
1011,0.9581381070863089
1012,0.7733867580056225
1013,0.7733867580056225
1014,0.7733867580056225
1015,0.7733867580056225
1016,0.6817462112644198
1017,0.6817462112644198
1018,0.6817462112644198
1019,0.6817462112644198
1020,0.5638834135780527
1021,0.5638834135780527
1022,0.5638834135780527
1023,0.5638834135780527
1024,0.31988561088312273
1025,0.31988561088312273
1026,0.31988561088312273
1027,0.31988561088312273
1028,0.11072155620900247
1029,0.11072155620900247
1030,0.11072155620900247
1031,0.11072155620900247
1032,0.047403625553365435
1033,0.047403625553365435
1034,0.047403625553365435
1035,0.047403625553365435
1036,0.011616634891911979
1037,0.011616634891911979
1038,0.011616634891911979
1039,0.011616634891911979
1040,0.0
1041,0.0
1042,0.0
1043,0.0
1044,0.0
1045,0.0
1046,0.0
1047,0.0
1048,0.0
1049,0.0
1050,0.0
1051,0.0
1052,0.0
1053,0.0
1054,0.0
1055,0.0
1056,0.0
1057,0.0
1058,0.0
1059,0.0
1060,0.0
1061,0.0
1062,0.0
1063,0.0
1064,0.0
1065,0.0
1066,0.0
1067,0.0
1068,0.0
1069,0.0
1070,0.0
1071,0.0
1072,0.0
1073,0.0
1074,0.0
1075,0.0
1076,0.02300707661485766
1077,0.02300707661485766
1078,0.02300707661485766
1079,0.02300707661485766
1080,0.19837140918344268
1081,0.19837140918344268
1082,0.19837140918344268
1083,0.19837140918344268
1084,0.40987817882185673
1085,0.40987817882185673
1086,0.40987817882185673
1087,0.40987817882185673
1088,0.20242672956990984
1089,0.20242672956990984
1090,0.20242672956990984
1091,0.20242672956990984
1092,0.46810676317575206
1093,0.46810676317575206
1094,0.46810676317575206
1095,0.46810676317575206
1096,0.7070798461886452
1097,0.7070798461886452
1098,0.7070798461886452
1099,0.7070798461886452
1100,0.18037289559569591
1101,0.18037289559569591
1102,0.18037289559569591
1103,0.18037289559569591
1104,0.8489191197854398
1105,0.8489191197854398
1106,0.8489191197854398
1107,0.8489191197854398
1108,0.18769186027724818
1109,0.18769186027724818
1110,0.18769186027724818
1111,0.18769186027724818
1112,0.22692021843797464
1113,0.22692021843797464
1114,0.22692021843797464
1115,0.22692021843797464
1116,0.17987203929298476
1117,0.17987203929298476
1118,0.17987203929298476
1119,0.17987203929298476
1120,0.29686237761333895
1121,0.29686237761333895
1122,0.29686237761333895
1123,0.29686237761333895
1124,0.14503829127217502
1125,0.14503829127217502
1126,0.14503829127217502
1127,0.14503829127217502
1128,0.06443273984554239
1129,0.06443273984554239
1130,0.06443273984554239
1131,0.06443273984554239
1132,0.011955924645361422
1133,0.011955924645361422
1134,0.011955924645361422
1135,0.011955924645361422
1136,0.0
1137,0.0
1138,0.0
1139,0.0
1140,0.0
1141,0.0
1142,0.0
1143,0.0
1144,0.0
1145,0.0
1146,0.0
1147,0.0
1148,0.0
1149,0.0
1150,0.0
1151,0.0
1152,0.0
1153,0.0
1154,0.0
1155,0.0
1156,0.0
1157,0.0
1158,0.0
1159,0.0
1160,0.0
1161,0.0
1162,0.0
1163,0.0
1164,0.0
1165,0.0
1166,0.0
1167,0.0
1168,0.0
1169,0.0
1170,0.0
1171,0.0
1172,0.012311371053737034
1173,0.012311371053737034
1174,0.012311371053737034
1175,0.012311371053737034
1176,0.07890910265938542
1177,0.07890910265938542
1178,0.07890910265938542
1179,0.07890910265938542
1180,0.22544996283969368
1181,0.22544996283969368
1182,0.22544996283969368
1183,0.22544996283969368
1184,0.49395741105761465
1185,0.49395741105761465
1186,0.49395741105761465
1187,0.49395741105761465
1188,0.4904514169386371
1189,0.4904514169386371
1190,0.4904514169386371
1191,0.4904514169386371
1192,0.11928458331986945
1193,0.11928458331986945
1194,0.11928458331986945
1195,0.11928458331986945
1196,0.18861278960803954
1197,0.18861278960803954
1198,0.18861278960803954
1199,0.18861278960803954
1200,0.24638898762400233
1201,0.24638898762400233
1202,0.24638898762400233
1203,0.24638898762400233
1204,0.1916502407341584
1205,0.1916502407341584
1206,0.1916502407341584
1207,0.1916502407341584
1208,0.17386176366045175
1209,0.17386176366045175
1210,0.17386176366045175
1211,0.17386176366045175
1212,0.5591656703396128
1213,0.5591656703396128
1214,0.5591656703396128
1215,0.5591656703396128
1216,0.28510033282709146
1217,0.28510033282709146
1218,0.28510033282709146
1219,0.28510033282709146
1220,0.12267748085436392
1221,0.12267748085436392
1222,0.12267748085436392
1223,0.12267748085436392
1224,0.061928458331986944
1225,0.061928458331986944
1226,0.061928458331986944
1227,0.061928458331986944
1228,0.011261188483536369
1229,0.011261188483536369
1230,0.011261188483536369
1231,0.011261188483536369
1232,0.0
1233,0.0
1234,0.0
1235,0.0
1236,0.0
1237,0.0
1238,0.0
1239,0.0
1240,0.0
1241,0.0
1242,0.0
1243,0.0
1244,0.0
1245,0.0
1246,0.0
1247,0.0
1248,0.0
1249,0.0
1250,0.0
1251,0.0
1252,0.0
1253,0.0
1254,0.0
1255,0.0
1256,0.0
1257,0.0
1258,0.0
1259,0.0
1260,0.0
1261,0.0
1262,0.0
1263,0.0
1264,0.006123372217016188
1265,0.006123372217016188
1266,0.006123372217016188
1267,0.006123372217016188
1268,0.0563705690373865
1269,0.0563705690373865
1270,0.0563705690373865
1271,0.0563705690373865
1272,0.18578537499596084
1273,0.18578537499596084
1274,0.18578537499596084
1275,0.18578537499596084
1276,0.2801725530746114
1277,0.2801725530746114
1278,0.2801725530746114
1279,0.2801725530746114
1280,0.5898148447345463
1281,0.5898148447345463
1282,0.5898148447345463
1283,0.5898148447345463
1284,0.66502407341584
1285,0.66502407341584
1286,0.66502407341584
1287,0.66502407341584
1288,0.7112805764694479
1289,0.7112805764694479
1290,0.7112805764694479
1291,0.7112805764694479
1292,0.3726370892170484
1293,0.3726370892170484
1294,0.3726370892170484
1295,0.3726370892170484
1296,0.7024428862248361
1297,0.7024428862248361
1298,0.7024428862248361
1299,0.7024428862248361
1300,0.7343199663941578
1301,0.7343199663941578
1302,0.7343199663941578
1303,0.7343199663941578
1304,0.3618606003812971
1305,0.3618606003812971
1306,0.3618606003812971
1307,0.3618606003812971
1308,0.35273209034801434
1309,0.35273209034801434
1310,0.35273209034801434
1311,0.35273209034801434
1312,0.3780980385820919
1313,0.3780980385820919
1314,0.3780980385820919
1315,0.3780980385820919
1316,0.13624907099234174
1317,0.13624907099234174
1318,0.13624907099234174
1319,0.13624907099234174
1320,0.06179920509257763
1321,0.06179920509257763
1322,0.06179920509257763
1323,0.06179920509257763
1324,0.0008724593660128607
1325,0.0008724593660128607
1326,0.0008724593660128607
1327,0.0008724593660128607
1328,0.0
1329,0.0
1330,0.0
1331,0.0
1332,0.0
1333,0.0
1334,0.0
1335,0.0
1336,0.0
1337,0.0
1338,0.0
1339,0.0
1340,0.0
1341,0.0
1342,0.0
1343,0.0
1344,0.0
1345,0.0
1346,0.0
1347,0.0
1348,0.0
1349,0.0
1350,0.0
1351,0.0
1352,0.0
1353,0.0
1354,0.0
1355,0.0
1356,0.0
1357,0.0
1358,0.0
1359,0.0
1360,0.0
1361,0.0
1362,0.0
1363,0.0
1364,0.053058454777522863
1365,0.053058454777522863
1366,0.053058454777522863
1367,0.053058454777522863
1368,0.1615503926067147
1369,0.1615503926067147
1370,0.1615503926067147
1371,0.1615503926067147
1372,0.35712670048793105
1373,0.35712670048793105
1374,0.35712670048793105
1375,0.35712670048793105
1376,0.4037709632597667
1377,0.4037709632597667
1378,0.4037709632597667
1379,0.4037709632597667
1380,0.08277054318673863
1381,0.08277054318673863
1382,0.08277054318673863
1383,0.08277054318673863
1384,0.18055061879988366
1385,0.18055061879988366
1386,0.18055061879988366
1387,0.18055061879988366
1388,0.0955989271981129
1389,0.0955989271981129
1390,0.0955989271981129
1391,0.0955989271981129
1392,0.2805603127928394
1393,0.2805603127928394
1394,0.2805603127928394
1395,0.2805603127928394
1396,0.31752673926390285
1397,0.31752673926390285
1398,0.31752673926390285
1399,0.31752673926390285
1400,0.7555659676220636
1401,0.7555659676220636
1402,0.7555659676220636
1403,0.7555659676220636
1404,0.40461110931592725
1405,0.40461110931592725
1406,0.40461110931592725
1407,0.40461110931592725
1408,0.1456199308495169
1409,0.1456199308495169
1410,0.1456199308495169
1411,0.1456199308495169
1412,0.11495459979965747
1413,0.11495459979965747
1414,0.11495459979965747
1415,0.11495459979965747
1416,0.0592949235790222
1417,0.0592949235790222
1418,0.0592949235790222
1419,0.0592949235790222
1420,0.0
1421,0.0
1422,0.0
1423,0.0
1424,0.0
1425,0.0
1426,0.0
1427,0.0
1428,0.0
1429,0.0
1430,0.0
1431,0.0
1432,0.0
1433,0.0
1434,0.0
1435,0.0
1436,0.0
1437,0.0
1438,0.0
1439,0.0
1440,0.0
1441,0.0
1442,0.0
1443,0.0
1444,0.0
1445,0.0
1446,0.0
1447,0.0
1448,0.0
1449,0.0
1450,0.0
1451,0.0
1452,0.0
1453,0.0
1454,0.0
1455,0.0
1456,0.0030212944711926846
1457,0.0030212944711926846
1458,0.0030212944711926846
1459,0.0030212944711926846
1460,0.04291207548389181
1461,0.04291207548389181
1462,0.04291207548389181
1463,0.04291207548389181
1464,0.195253174782693
1465,0.195253174782693
1466,0.195253174782693
1467,0.195253174782693
1468,0.45741105761463147
1469,0.45741105761463147
1470,0.45741105761463147
1471,0.45741105761463147
1472,0.6893883090444954
1473,0.6893883090444954
1474,0.6893883090444954
1475,0.6893883090444954
1476,0.7538210488900378
1477,0.7538210488900378
1478,0.7538210488900378
1479,0.7538210488900378
1480,0.1603063301774001
1481,0.1603063301774001
1482,0.1603063301774001
1483,0.1603063301774001
1484,0.141693863702459
1485,0.141693863702459
1486,0.141693863702459
1487,0.141693863702459
1488,0.24087956829418036
1489,0.24087956829418036
1490,0.24087956829418036
1491,0.24087956829418036
1492,0.8307913529582834
1493,0.8307913529582834
1494,0.8307913529582834
1495,0.8307913529582834
1496,0.5871005267069507
1497,0.5871005267069507
1498,0.5871005267069507
1499,0.5871005267069507
1500,0.28834782046725044
1501,0.28834782046725044
1502,0.28834782046725044
1503,0.28834782046725044
1504,0.26464600769056773
1505,0.26464600769056773
1506,0.26464600769056773
1507,0.26464600769056773
1508,0.13285617345784725
1509,0.13285617345784725
1510,0.13285617345784725
1511,0.13285617345784725
1512,0.05473874688984393
1513,0.05473874688984393
1514,0.05473874688984393
1515,0.05473874688984393
1516,0.0
1517,0.0
1518,0.0
1519,0.0
1520,0.0
1521,0.0
1522,0.0
1523,0.0
1524,0.0
1525,0.0
1526,0.0
1527,0.0
1528,0.0
1529,0.0
1530,0.0
1531,0.0
1532,0.0
1533,0.0
1534,0.0
1535,0.0
1536,0.0
1537,0.0
1538,0.0
1539,0.0
1540,0.0
1541,0.0
1542,0.0
1543,0.0
1544,0.0
1545,0.0
1546,0.0
1547,0.0
1548,0.0
1549,0.0
1550,0.0
1551,0.0
1552,0.001470255598280932
1553,0.001470255598280932
1554,0.001470255598280932
1555,0.001470255598280932
1556,0.04413998125828028
1557,0.04413998125828028
1558,0.04413998125828028
1559,0.04413998125828028
1560,0.1953178014023976
1561,0.1953178014023976
1562,0.1953178014023976
1563,0.1953178014023976
1564,0.36969657802048667
1565,0.36969657802048667
1566,0.36969657802048667
1567,0.36969657802048667
1568,0.6350373218728794
1569,0.6350373218728794
1570,0.6350373218728794
1571,0.6350373218728794
1572,0.7524315765663876
1573,0.7524315765663876
1574,0.7524315765663876
1575,0.7524315765663876
1576,0.26356351181051474
1577,0.26356351181051474
1578,0.26356351181051474
1579,0.26356351181051474
1580,0.5401977574562962
1581,0.5401977574562962
1582,0.5401977574562962
1583,0.5401977574562962
1584,0.8685332988658028
1585,0.8685332988658028
1586,0.8685332988658028
1587,0.8685332988658028
1588,0.9104436617442725
1589,0.9104436617442725
1590,0.9104436617442725
1591,0.9104436617442725
1592,0.09692377290205836
1593,0.09692377290205836
1594,0.09692377290205836
1595,0.09692377290205836
1596,0.267424952337868
1597,0.267424952337868
1598,0.267424952337868
1599,0.267424952337868
1600,0.39008627653730565
1601,0.39008627653730565
1602,0.39008627653730565
1603,0.39008627653730565
1604,0.13894723236501114
1605,0.13894723236501114
1606,0.13894723236501114
1607,0.13894723236501114
1608,0.04472162083562219
1609,0.04472162083562219
1610,0.04472162083562219
1611,0.04472162083562219
1612,0.009225449962839694
1613,0.009225449962839694
1614,0.009225449962839694
1615,0.009225449962839694
1616,0.0
1617,0.0
1618,0.0
1619,0.0
1620,0.0
1621,0.0
1622,0.0
1623,0.0
1624,0.0
1625,0.0
1626,0.0
1627,0.0
1628,0.0
1629,0.0
1630,0.0
1631,0.0
1632,0.0
1633,0.0
1634,0.0
1635,0.0
1636,0.0
1637,0.0
1638,0.0
1639,0.0
1640,0.0
1641,0.0
1642,0.0
1643,0.0
1644,0.0
1645,0.0
1646,0.0
1647,0.0
1648,0.003150547710601997
1649,0.003150547710601997
1650,0.003150547710601997
1651,0.003150547710601997
1652,0.04297670210359647
1653,0.04297670210359647
1654,0.04297670210359647
1655,0.04297670210359647
1656,0.19501082495880054
1657,0.19501082495880054
1658,0.19501082495880054
1659,0.19501082495880054
1660,0.4443403237793647
1661,0.4443403237793647
1662,0.4443403237793647
1663,0.4443403237793647
1664,0.6187675703622322
1665,0.6187675703622322
1666,0.6187675703622322
1667,0.6187675703622322
1668,0.12175655152357255
1669,0.12175655152357255
1670,0.12175655152357255
1671,0.12175655152357255
1672,0.6962548873881151
1673,0.6962548873881151
1674,0.6962548873881151
1675,0.6962548873881151
1676,1.0
1677,1.0
1678,1.0
1679,1.0
1680,0.9919701425016964
1681,0.9919701425016964
1682,0.9919701425016964
1683,0.9919701425016964
1684,0.9275697159660065
1685,0.9275697159660065
1686,0.9275697159660065
1687,0.9275697159660065
1688,0.7893980030374509
1689,0.7893980030374509
1690,0.7893980030374509
1691,0.7893980030374509
1692,0.6236145668400814
1693,0.6236145668400814
1694,0.6236145668400814
1695,0.6236145668400814
1696,0.3792936310466281
1697,0.3792936310466281
1698,0.3792936310466281
1699,0.3792936310466281
1700,0.135683588069926
1701,0.135683588069926
1702,0.135683588069926
1703,0.135683588069926
1704,0.047969108475781175
1705,0.047969108475781175
1706,0.047969108475781175
1707,0.047969108475781175
1708,0.006430348660613307
1709,0.006430348660613307
1710,0.006430348660613307
1711,0.006430348660613307
1712,0.0
1713,0.0
1714,0.0
1715,0.0
1716,0.0
1717,0.0
1718,0.0
1719,0.0
1720,0.0
1721,0.0
1722,0.0
1723,0.0
1724,0.0
1725,0.0
1726,0.0
1727,0.0
1728,0.0
1729,0.0
1730,0.0
1731,0.0
1732,0.0
1733,0.0
1734,0.0
1735,0.0
1736,0.0
1737,0.0
1738,0.0
1739,0.0
1740,0.0
1741,0.0
1742,0.0
1743,0.0
1744,0.0
1745,0.0
1746,0.0
1747,0.0
1748,0.03208711668336187
1749,0.03208711668336187
1750,0.03208711668336187
1751,0.03208711668336187
1752,0.1495783113064271
1753,0.1495783113064271
1754,0.1495783113064271
1755,0.1495783113064271
1756,0.28316153423595175
1757,0.28316153423595175
1758,0.28316153423595175
1759,0.28316153423595175
1760,0.5414902898503894
1761,0.5414902898503894
1762,0.5414902898503894
1763,0.5414902898503894
1764,0.7819336284615633
1765,0.7819336284615633
1766,0.7819336284615633
1767,0.7819336284615633
1768,0.3429896274275374
1769,0.3429896274275374
1770,0.3429896274275374
1771,0.3429896274275374
1772,0.3654473777749055
1773,0.3654473777749055
1774,0.3654473777749055
1775,0.3654473777749055
1776,0.11716806152454196
1777,0.11716806152454196
1778,0.11716806152454196
1779,0.11716806152454196
1780,0.39036093967105046
1781,0.39036093967105046
1782,0.39036093967105046
1783,0.39036093967105046
1784,0.5370148964358419
1785,0.5370148964358419
1786,0.5370148964358419
1787,0.5370148964358419
1788,0.27873461078618283
1789,0.27873461078618283
1790,0.27873461078618283
1791,0.27873461078618283
1792,0.2278896177335444
1793,0.2278896177335444
1794,0.2278896177335444
1795,0.2278896177335444
1796,0.08994409797395546
1797,0.08994409797395546
1798,0.08994409797395546
1799,0.08994409797395546
1800,0.046498852877500246
1801,0.046498852877500246
1802,0.046498852877500246
1803,0.046498852877500246
1804,0.002439654893850777
1805,0.002439654893850777
1806,0.002439654893850777
1807,0.002439654893850777
1808,0.0
1809,0.0
1810,0.0
1811,0.0
1812,0.0
1813,0.0
1814,0.0
1815,0.0
1816,0.0
1817,0.0
1818,0.0
1819,0.0
1820,0.0
1821,0.0
1822,0.0
1823,0.0
1824,0.0
1825,0.0
1826,0.0
1827,0.0
1828,0.0
1829,0.0
1830,0.0
1831,0.0
1832,0.0
1833,0.0
1834,0.0
1835,0.0
1836,0.0
1837,0.0
1838,0.0
1839,0.0
1840,0.0
1841,0.0
1842,0.0
1843,0.0
1844,0.051345849355349464
1845,0.051345849355349464
1846,0.051345849355349464
1847,0.051345849355349464
1848,0.15515235725595372
1849,0.15515235725595372
1850,0.15515235725595372
1851,0.15515235725595372
1852,0.3676285261899377
1853,0.3676285261899377
1854,0.3676285261899377
1855,0.3676285261899377
1856,0.5298898116134035
1857,0.5298898116134035
1858,0.5298898116134035
1859,0.5298898116134035
1860,0.6761560086599671
1861,0.6761560086599671
1862,0.6761560086599671
1863,0.6761560086599671
1864,0.7786053575467735
1865,0.7786053575467735
1866,0.7786053575467735
1867,0.7786053575467735
1868,0.6781755905257375
1869,0.6781755905257375
1870,0.6781755905257375
1871,0.6781755905257375
1872,0.5504249200245581
1873,0.5504249200245581
1874,0.5504249200245581
1875,0.5504249200245581
1876,0.7838239570879245
1877,0.7838239570879245
1878,0.7838239570879245
1879,0.7838239570879245
1880,0.12556952208614727
1881,0.12556952208614727
1882,0.12556952208614727
1883,0.12556952208614727
1884,0.11385594726467832
1885,0.11385594726467832
1886,0.11385594726467832
1887,0.11385594726467832
1888,0.1216111416292371
1889,0.1216111416292371
1890,0.1216111416292371
1891,0.1216111416292371
1892,0.036788703266875625
1893,0.036788703266875625
1894,0.036788703266875625
1895,0.036788703266875625
1896,0.013296927004233041
1897,0.013296927004233041
1898,0.013296927004233041
1899,0.013296927004233041
1900,0.0
1901,0.0
1902,0.0
1903,0.0
1904,0.0
1905,0.0
1906,0.0
1907,0.0
1908,0.0
1909,0.0
1910,0.0
1911,0.0
1912,0.0
1913,0.0
1914,0.0
1915,0.0
1916,0.0
1917,0.0
1918,0.0
1919,0.0
1920,0.0
1921,0.0
1922,0.0
1923,0.0
1924,0.0
1925,0.0
1926,0.0
1927,0.0
1928,0.0
1929,0.0
1930,0.0
1931,0.0
1932,0.0
1933,0.0
1934,0.0
1935,0.0
1936,0.0001292532394093127
1937,0.0001292532394093127
1938,0.0001292532394093127
1939,0.0001292532394093127
1940,0.050554173263967425
1941,0.050554173263967425
1942,0.050554173263967425
1943,0.050554173263967425
1944,0.1607425598604065
1945,0.1607425598604065
1946,0.1607425598604065
1947,0.1607425598604065
1948,0.36265227647267906
1949,0.36265227647267906
1950,0.36265227647267906
1951,0.36265227647267906
1952,0.5621223381911009
1953,0.5621223381911009
1954,0.5621223381911009
1955,0.5621223381911009
1956,0.5942417681843151
1957,0.5942417681843151
1958,0.5942417681843151
1959,0.5942417681843151
1960,0.07063689533718939
1961,0.07063689533718939
1962,0.07063689533718939
1963,0.07063689533718939
1964,0.0953727340291466
1965,0.0953727340291466
1966,0.0953727340291466
1967,0.0953727340291466
1968,0.29791256018353957
1969,0.29791256018353957
1970,0.29791256018353957
1971,0.29791256018353957
1972,0.10298251849936989
1973,0.10298251849936989
1974,0.10298251849936989
1975,0.10298251849936989
1976,0.25479044818560764
1977,0.25479044818560764
1978,0.25479044818560764
1979,0.25479044818560764
1980,0.5337997221055353
1981,0.5337997221055353
1982,0.5337997221055353
1983,0.5337997221055353
1984,0.38223414224319
1985,0.38223414224319
1986,0.38223414224319
1987,0.38223414224319
1988,0.14393963873719584
1989,0.14393963873719584
1990,0.14393963873719584
1991,0.14393963873719584
1992,0.04664426277183571
1993,0.04664426277183571
1994,0.04664426277183571
1995,0.04664426277183571
1996,0.007286651371700003
1997,0.007286651371700003
1998,0.007286651371700003
1999,0.007286651371700003
2000,0.0
2001,0.0
2002,0.0
2003,0.0
2004,0.0
2005,0.0
2006,0.0
2007,0.0
2008,0.0
2009,0.0
2010,0.0
2011,0.0
2012,0.0
2013,0.0
2014,0.0
2015,0.0
2016,0.0
2017,0.0
2018,0.0
2019,0.0
2020,0.0
2021,0.0
2022,0.0
2023,0.0
2024,0.0
2025,0.0
2026,0.0
2027,0.0
2028,0.0
2029,0.0
2030,0.0
2031,0.0
2032,0.0
2033,0.0
2034,0.0
2035,0.0
2036,0.0025365948234077613
2037,0.0025365948234077613
2038,0.0025365948234077613
2039,0.0025365948234077613
2040,0.13736388018224707
2041,0.13736388018224707
2042,0.13736388018224707
2043,0.13736388018224707
2044,0.1977574562962484
2045,0.1977574562962484
2046,0.1977574562962484
2047,0.1977574562962484
2048,0.37788800206805173
2049,0.37788800206805173
2050,0.37788800206805173
2051,0.37788800206805173
2052,0.5720586809706918
2053,0.5720586809706918
2054,0.5720586809706918
2055,0.5720586809706918
2056,0.7357579086825863
2057,0.7357579086825863
2058,0.7357579086825863
2059,0.7357579086825863
2060,0.4783985523637186
2061,0.4783985523637186
2062,0.4783985523637186
2063,0.4783985523637186
2064,0.7037838885837076
2065,0.7037838885837076
2066,0.7037838885837076
2067,0.7037838885837076
2068,0.7146411606940898
2069,0.7146411606940898
2070,0.7146411606940898
2071,0.7146411606940898
2072,0.42063851100268196
2073,0.42063851100268196
2074,0.42063851100268196
2075,0.42063851100268196
2076,0.15240572591850582
2077,0.15240572591850582
2078,0.15240572591850582
2079,0.15240572591850582
2080,0.13557049148544284
2081,0.13557049148544284
2082,0.13557049148544284
2083,0.13557049148544284
2084,0.09008950786829095
2085,0.09008950786829095
2086,0.09008950786829095
2087,0.09008950786829095
2088,0.04914854428539115
2089,0.04914854428539115
2090,0.04914854428539115
2091,0.04914854428539115
2092,0.0009370859857175171
2093,0.0009370859857175171
2094,0.0009370859857175171
2095,0.0009370859857175171
2096,0.0
2097,0.0
2098,0.0
2099,0.0
2100,0.0
2101,0.0
2102,0.0
2103,0.0
2104,0.0
2105,0.0
2106,0.0
2107,0.0
2108,0.0
2109,0.0
2110,0.0
2111,0.0
2112,0.0
2113,0.0
2114,0.0
2115,0.0
2116,0.0
2117,0.0
2118,0.0
2119,0.0
2120,0.0
2121,0.0
2122,0.0
2123,0.0
2124,0.0
2125,0.0
2126,0.0
2127,0.0
2128,0.0
2129,0.0
2130,0.0
2131,0.0
2132,0.0024881248586292697
2133,0.0024881248586292697
2134,0.0024881248586292697
2135,0.0024881248586292697
2136,0.049810967137363875
2137,0.049810967137363875
2138,0.049810967137363875
2139,0.049810967137363875
2140,0.12745985071250848
2141,0.12745985071250848
2142,0.12745985071250848
2143,0.12745985071250848
2144,0.14001357159013797
2145,0.14001357159013797
2146,0.14001357159013797
2147,0.14001357159013797
2148,0.18690018418586615
2149,0.18690018418586615
2150,0.18690018418586615
2151,0.18690018418586615
2152,0.07411057614631467
2153,0.07411057614631467
2154,0.07411057614631467
2155,0.07411057614631467
2156,0.19560862119106862
2157,0.19560862119106862
2158,0.19560862119106862
2159,0.19560862119106862
2160,0.17247229133680164
2161,0.17247229133680164
2162,0.17247229133680164
2163,0.17247229133680164
2164,0.3977930009370859
2165,0.3977930009370859
2166,0.3977930009370859
2167,0.3977930009370859
2168,0.1410475975054125
2169,0.1410475975054125
2170,0.1410475975054125
2171,0.1410475975054125
2172,0.06700164797880247
2173,0.06700164797880247
2174,0.06700164797880247
2175,0.06700164797880247
2176,0.1121110285326526
2177,0.1121110285326526
2178,0.1121110285326526
2179,0.1121110285326526
2180,0.11287039131418229
2181,0.11287039131418229
2182,0.11287039131418229
2183,0.11287039131418229
2184,0.045610236856561216
2185,0.045610236856561216
2186,0.045610236856561216
2187,0.045610236856561216
2188,0.0009370859857175171
2189,0.0009370859857175171
2190,0.0009370859857175171
2191,0.0009370859857175171
2192,0.0
2193,0.0
2194,0.0
2195,0.0
2196,0.0
2197,0.0
2198,0.0
2199,0.0
2200,0.0
2201,0.0
2202,0.0
2203,0.0
2204,0.0
2205,0.0
2206,0.0
2207,0.0
2208,0.0
2209,0.0
2210,0.0
2211,0.0
2212,0.0
2213,0.0
2214,0.0
2215,0.0
2216,0.0
2217,0.0
2218,0.0
2219,0.0
2220,0.0
2221,0.0
2222,0.0
2223,0.0
2224,0.0
2225,0.0
2226,0.0
2227,0.0
2228,0.03430057840824635
2229,0.03430057840824635
2230,0.03430057840824635
2231,0.03430057840824635
2232,0.1271044043041329
2233,0.1271044043041329
2234,0.1271044043041329
2235,0.1271044043041329
2236,0.29825184993698906
2237,0.29825184993698906
2238,0.29825184993698906
2239,0.29825184993698906
2240,0.18607619478463178
2241,0.18607619478463178
2242,0.18607619478463178
2243,0.18607619478463178
2244,0.10589071638607943
2245,0.10589071638607943
2246,0.10589071638607943
2247,0.10589071638607943
2248,0.0699583158302905
2249,0.0699583158302905
2250,0.0699583158302905
2251,0.0699583158302905
2252,0.2122015058002391
2253,0.2122015058002391
2254,0.2122015058002391
2255,0.2122015058002391
2256,0.2651791773031311
2257,0.2651791773031311
2258,0.2651791773031311
2259,0.2651791773031311
2260,0.6409183442660031
2261,0.6409183442660031
2262,0.6409183442660031
2263,0.6409183442660031
2264,0.37641774646977094
2265,0.37641774646977094
2266,0.37641774646977094
2267,0.37641774646977094
2268,0.11942999321420493
2269,0.11942999321420493
2270,0.11942999321420493
2271,0.11942999321420493
2272,0.37270171583675316
2273,0.37270171583675316
2274,0.37270171583675316
2275,0.37270171583675316
2276,0.12513329240314083
2277,0.12513329240314083
2278,0.12513329240314083
2279,0.12513329240314083
2280,0.04620803308882929
2281,0.04620803308882929
2282,0.04620803308882929
2283,0.04620803308882929
2284,0.0014379422884286037
2285,0.0014379422884286037
2286,0.0014379422884286037
2287,0.0014379422884286037
2288,0.0
2289,0.0
2290,0.0
2291,0.0
2292,0.0
2293,0.0
2294,0.0
2295,0.0
2296,0.0
2297,0.0
2298,0.0
2299,0.0
2300,0.0
2301,0.0
2302,0.0
2303,0.0
2304,0.0
2305,0.0
2306,0.0
2307,0.0
2308,0.0
2309,0.0
2310,0.0
2311,0.0
2312,0.0
2313,0.0
2314,0.0
2315,0.0
2316,0.0
2317,0.0
2318,0.0
2319,0.0
2320,0.0
2321,0.0
2322,0.0
2323,0.0
2324,0.002035738520696675
2325,0.002035738520696675
2326,0.002035738520696675
2327,0.002035738520696675
2328,0.13888260574530648
2329,0.13888260574530648
2330,0.13888260574530648
2331,0.13888260574530648
2332,0.33053284647946485
2333,0.33053284647946485
2334,0.33053284647946485
2335,0.33053284647946485
2336,0.23325362716903092
2337,0.23325362716903092
2338,0.23325362716903092
2339,0.23325362716903092
2340,0.3801984037224933
2341,0.3801984037224933
2342,0.3801984037224933
2343,0.3801984037224933
2344,0.6742495233786797
2345,0.6742495233786797
2346,0.6742495233786797
2347,0.6742495233786797
2348,0.5175622839047404
2349,0.5175622839047404
2350,0.5175622839047404
2351,0.5175622839047404
2352,0.2634827285358839
2353,0.2634827285358839
2354,0.2634827285358839
2355,0.2634827285358839
2356,0.72331728438944
2357,0.72331728438944
2358,0.72331728438944
2359,0.72331728438944
2360,0.4296700811064077
2361,0.4296700811064077
2362,0.4296700811064077
2363,0.4296700811064077
2364,0.5570006785795069
2365,0.5570006785795069
2366,0.5570006785795069
2367,0.5570006785795069
2368,0.38515849678482567
2369,0.38515849678482567
2370,0.38515849678482567
2371,0.38515849678482567
2372,0.14980450447539342
2373,0.14980450447539342
2374,0.14980450447539342
2375,0.14980450447539342
2376,0.03930914143535722
2377,0.03930914143535722
2378,0.03930914143535722
2379,0.03930914143535722
2380,0.0024719682037031053
2381,0.0024719682037031053
2382,0.0024719682037031053
2383,0.0024719682037031053
2384,0.0
2385,0.0
2386,0.0
2387,0.0
2388,0.0
2389,0.0
2390,0.0
2391,0.0
2392,0.0
2393,0.0
2394,0.0
2395,0.0
2396,0.0
2397,0.0
2398,0.0
2399,0.0
2400,0.0
2401,0.0
2402,0.0
2403,0.0
2404,0.0
2405,0.0
2406,0.0
2407,0.0
2408,0.0
2409,0.0
2410,0.0
2411,0.0
2412,0.0
2413,0.0
2414,0.0
2415,0.0
2416,0.0
2417,0.0
2418,0.0
2419,0.0
2420,0.04223349597699292
2421,0.04223349597699292
2422,0.04223349597699292
2423,0.04223349597699292
2424,0.10618153617475039
2425,0.10618153617475039
2426,0.10618153617475039
2427,0.10618153617475039
2428,0.23091091220473714
2429,0.23091091220473714
2430,0.23091091220473714
2431,0.23091091220473714
2432,0.39873008692280354
2433,0.39873008692280354
2434,0.39873008692280354
2435,0.39873008692280354
2436,0.482663909264226
2437,0.482663909264226
2438,0.482663909264226
2439,0.482663909264226
2440,0.12094871877726435
2441,0.12094871877726435
2442,0.12094871877726435
2443,0.12094871877726435
2444,0.8857239797072413
2445,0.8857239797072413
2446,0.8857239797072413
2447,0.8857239797072413
2448,0.9930849516916018
2449,0.9930849516916018
2450,0.9930849516916018
2451,0.9930849516916018
2452,0.8455585355607974
2453,0.8455585355607974
2454,0.8455585355607974
2455,0.8455585355607974
2456,0.7951982421559441
2457,0.7951982421559441
2458,0.7951982421559441
2459,0.7951982421559441
2460,0.62977025236695
2461,0.62977025236695
2462,0.62977025236695
2463,0.62977025236695
2464,0.35997027175493584
2465,0.35997027175493584
2466,0.35997027175493584
2467,0.35997027175493584
2468,0.1438426988076389
2469,0.1438426988076389
2470,0.1438426988076389
2471,0.1438426988076389
2472,0.046466539567647916
2473,0.046466539567647916
2474,0.046466539567647916
2475,0.046466539567647916
2476,0.0
2477,0.0
2478,0.0
2479,0.0
2480,0.0
2481,0.0
2482,0.0
2483,0.0
2484,0.0
2485,0.0
2486,0.0
2487,0.0
2488,0.0
2489,0.0
2490,0.0
2491,0.0
2492,0.0
2493,0.0
2494,0.0
2495,0.0
2496,0.0
2497,0.0
2498,0.0
2499,0.0
2500,0.0
2501,0.0
2502,0.0
2503,0.0
2504,0.0
2505,0.0
2506,0.0
2507,0.0
2508,0.0
2509,0.0
2510,0.0
2511,0.0
2512,0.0
2513,0.0
2514,0.0
2515,0.0
2516,0.004216886935728827
2517,0.004216886935728827
2518,0.004216886935728827
2519,0.004216886935728827
2520,0.013700843377387145
2521,0.013700843377387145
2522,0.013700843377387145
2523,0.013700843377387145
2524,0.11545545610236857
2525,0.11545545610236857
2526,0.11545545610236857
2527,0.11545545610236857
2528,0.08942708501631821
2529,0.08942708501631821
2530,0.08942708501631821
2531,0.08942708501631821
2532,0.2960060749022522
2533,0.2960060749022522
2534,0.2960060749022522
2535,0.2960060749022522
2536,0.16592884609170516
2537,0.16592884609170516
2538,0.16592884609170516
2539,0.16592884609170516
2540,0.2154974634051766
2541,0.2154974634051766
2542,0.2154974634051766
2543,0.2154974634051766
2544,0.2439170194202992
2545,0.2439170194202992
2546,0.2439170194202992
2547,0.2439170194202992
2548,0.261123856916664
2549,0.261123856916664
2550,0.261123856916664
2551,0.261123856916664
2552,0.1632629980288881
2553,0.1632629980288881
2554,0.1632629980288881
2555,0.1632629980288881
2556,0.13805861634407213
2557,0.13805861634407213
2558,0.13805861634407213
2559,0.13805861634407213
2560,0.04748440882799625
2561,0.04748440882799625
2562,0.04748440882799625
2563,0.04748440882799625
2564,0.03649788347820467
2565,0.03649788347820467
2566,0.03649788347820467
2567,0.03649788347820467
2568,0.0059618056677545475
2569,0.0059618056677545475
2570,0.0059618056677545475
2571,0.0059618056677545475
2572,0.0024558115487769414
2573,0.0024558115487769414
2574,0.0024558115487769414
2575,0.0024558115487769414
2576,0.0
2577,0.0
2578,0.0
2579,0.0
2580,0.0
2581,0.0
2582,0.0
2583,0.0
2584,0.0
2585,0.0
2586,0.0
2587,0.0
2588,0.0
2589,0.0
2590,0.0
2591,0.0
2592,0.0
2593,0.0
2594,0.0
2595,0.0
2596,0.0
2597,0.0
2598,0.0
2599,0.0
2600,0.0
2601,0.0
2602,0.0
2603,0.0
2604,0.0
2605,0.0
2606,0.0
2607,0.0
2608,0.0
2609,0.0
2610,0.0
2611,0.0
2612,0.005396322745338805
2613,0.005396322745338805
2614,0.005396322745338805
2615,0.005396322745338805
2616,0.04312211199793195
2617,0.04312211199793195
2618,0.04312211199793195
2619,0.04312211199793195
2620,0.16970950334442758
2621,0.16970950334442758
2622,0.16970950334442758
2623,0.16970950334442758
2624,0.22717872491679322
2625,0.22717872491679322
2626,0.22717872491679322
2627,0.22717872491679322
2628,0.20468866125957283
2629,0.20468866125957283
2630,0.20468866125957283
2631,0.20468866125957283
2632,0.1566387695091608
2633,0.1566387695091608
2634,0.1566387695091608
2635,0.1566387695091608
2636,0.46831679968979223
2637,0.46831679968979223
2638,0.46831679968979223
2639,0.46831679968979223
2640,0.2970885707823052
2641,0.2970885707823052
2642,0.2970885707823052
2643,0.2970885707823052
2644,0.4038517465343975
2645,0.4038517465343975
2646,0.4038517465343975
2647,0.4038517465343975
2648,0.19163408407923227
2649,0.19163408407923227
2650,0.19163408407923227
2651,0.19163408407923227
2652,0.5291950754515785
2653,0.5291950754515785
2654,0.5291950754515785
2655,0.5291950754515785
2656,0.3677093094645685
2657,0.3677093094645685
2658,0.3677093094645685
2659,0.3677093094645685
2660,0.1399489449704333
2661,0.1399489449704333
2662,0.1399489449704333
2663,0.1399489449704333
2664,0.019226419362135264
2665,0.019226419362135264
2666,0.019226419362135264
2667,0.019226419362135264
2668,0.00048469964778492266
2669,0.00048469964778492266
2670,0.00048469964778492266
2671,0.00048469964778492266
2672,0.0
2673,0.0
2674,0.0
2675,0.0
2676,0.0
2677,0.0
2678,0.0
2679,0.0
2680,0.0
2681,0.0
2682,0.0
2683,0.0
2684,0.0
2685,0.0
2686,0.0
2687,0.0
2688,0.0
2689,0.0
2690,0.0
2691,0.0
2692,0.0
2693,0.0
2694,0.0
2695,0.0
2696,0.0
2697,0.0
2698,0.0
2699,0.0
2700,0.0
2701,0.0
2702,0.0
2703,0.0
2704,0.0
2705,0.0
2706,0.0
2707,0.0
2708,0.04037548066048405
2709,0.04037548066048405
2710,0.04037548066048405
2711,0.04037548066048405
2712,0.1536659450027466
2713,0.1536659450027466
2714,0.1536659450027466
2715,0.1536659450027466
2716,0.2609946036772547
2717,0.2609946036772547
2718,0.2609946036772547
2719,0.2609946036772547
2720,0.2931625036352474
2721,0.2931625036352474
2722,0.2931625036352474
2723,0.2931625036352474
2724,0.8047145119074546
2725,0.8047145119074546
2726,0.8047145119074546
2727,0.8047145119074546
2728,0.400652728859017
2729,0.400652728859017
2730,0.400652728859017
2731,0.400652728859017
2732,0.4778169127863767
2733,0.4778169127863767
2734,0.4778169127863767
2735,0.4778169127863767
2736,0.08026626167318318
2737,0.08026626167318318
2738,0.08026626167318318
2739,0.08026626167318318
2740,0.5592302969593176
2741,0.5592302969593176
2742,0.5592302969593176
2743,0.5592302969593176
2744,0.7139625811871909
2745,0.7139625811871909
2746,0.7139625811871909
2747,0.7139625811871909
2748,0.39923094322551456
2749,0.39923094322551456
2750,0.39923094322551456
2751,0.39923094322551456
2752,0.3170097263062655
2753,0.3170097263062655
2754,0.3170097263062655
2755,0.3170097263062655
2756,0.12923708275438653
2757,0.12923708275438653
2758,0.12923708275438653
2759,0.12923708275438653
2760,0.04738746889843927
2761,0.04738746889843927
2762,0.04738746889843927
2763,0.04738746889843927
2764,0.0
2765,0.0
2766,0.0
2767,0.0
2768,0.0
2769,0.0
2770,0.0
2771,0.0
2772,0.0
2773,0.0
2774,0.0
2775,0.0
2776,0.0
2777,0.0
2778,0.0
2779,0.0
2780,0.0
2781,0.0
2782,0.0
2783,0.0
2784,0.0
2785,0.0
2786,0.0
2787,0.0
2788,0.0
2789,0.0
2790,0.0
2791,0.0
2792,0.0
2793,0.0
2794,0.0
2795,0.0
2796,0.0
2797,0.0
2798,0.0
2799,0.0
2800,0.0
2801,0.0
2802,0.0
2803,0.0
2804,0.006785795068988916
2805,0.006785795068988916
2806,0.006785795068988916
2807,0.006785795068988916
2808,0.061637638543316
2809,0.061637638543316
2810,0.061637638543316
2811,0.061637638543316
2812,0.3737842117168061
2813,0.3737842117168061
2814,0.3737842117168061
2815,0.3737842117168061
2816,0.2468898439267134
2817,0.2468898439267134
2818,0.2468898439267134
2819,0.2468898439267134
2820,0.35105179823569327
2821,0.35105179823569327
2822,0.35105179823569327
2823,0.35105179823569327
2824,0.47183895046369606
2825,0.47183895046369606
2826,0.47183895046369606
2827,0.47183895046369606
2828,0.962694283775487
2829,0.962694283775487
2830,0.962694283775487
2831,0.962694283775487
2832,0.6177012311371054
2833,0.6177012311371054
2834,0.6177012311371054
2835,0.6177012311371054
2836,0.7753740265615408
2837,0.7753740265615408
2838,0.7753740265615408
2839,0.7753740265615408
2840,0.7037515752738553
2841,0.7037515752738553
2842,0.7037515752738553
2843,0.7037515752738553
2844,0.37764565224415936
2845,0.37764565224415936
2846,0.37764565224415936
2847,0.37764565224415936
2848,0.10645619930849516
2849,0.10645619930849516
2850,0.10645619930849516
2851,0.10645619930849516
2852,0.09928264452127832
2853,0.09928264452127832
2854,0.09928264452127832
2855,0.09928264452127832
2856,0.027708663198371408
2857,0.027708663198371408
2858,0.027708663198371408
2859,0.027708663198371408
2860,0.0
2861,0.0
2862,0.0
2863,0.0
2864,0.0
2865,0.0
2866,0.0
2867,0.0
2868,0.0
2869,0.0
2870,0.0
2871,0.0
2872,0.0
2873,0.0
2874,0.0
2875,0.0
2876,0.0
2877,0.0
2878,0.0
2879,0.0
2880,0.0
2881,0.0
2882,0.0
2883,0.0
2884,0.0
2885,0.0
2886,0.0
2887,0.0
2888,0.0
2889,0.0
2890,0.0
2891,0.0
2892,0.0
2893,0.0
2894,0.0
2895,0.0
2896,0.0
2897,0.0
2898,0.0
2899,0.0
2900,0.009403173167027499
2901,0.009403173167027499
2902,0.009403173167027499
2903,0.009403173167027499
2904,0.02623840760009048
2905,0.02623840760009048
2906,0.02623840760009048
2907,0.02623840760009048
2908,0.10138300966167965
2909,0.10138300966167965
2910,0.10138300966167965
2911,0.10138300966167965
2912,0.16996800982324617
2913,0.16996800982324617
2914,0.16996800982324617
2915,0.16996800982324617
2916,0.27571331631499013
2917,0.27571331631499013
2918,0.27571331631499013
2919,0.27571331631499013
2920,0.184912915629948
2921,0.184912915629948
2922,0.184912915629948
2923,0.184912915629948
2924,0.13857562930170939
2925,0.13857562930170939
2926,0.13857562930170939
2927,0.13857562930170939
2928,0.2398293857239797
2929,0.2398293857239797
2930,0.2398293857239797
2931,0.2398293857239797
2932,0.11821824409474262
2933,0.11821824409474262
2934,0.11821824409474262
2935,0.11821824409474262
2936,0.08567874107344817
2937,0.08567874107344817
2938,0.08567874107344817
2939,0.08567874107344817
2940,0.10448508740750315
2941,0.10448508740750315
2942,0.10448508740750315
2943,0.10448508740750315
2944,0.02347561960771642
2945,0.02347561960771642
2946,0.02347561960771642
2947,0.02347561960771642
2948,0.04598183991986298
2949,0.04598183991986298
2950,0.04598183991986298
2951,0.04598183991986298
2952,0.017368404045626392
2953,0.017368404045626392
2954,0.017368404045626392
2955,0.017368404045626392
2956,0.0
2957,0.0
2958,0.0
2959,0.0
2960,0.0
2961,0.0
2962,0.0
2963,0.0
2964,0.0
2965,0.0
2966,0.0
2967,0.0
2968,0.0
2969,0.0
2970,0.0
2971,0.0
2972,0.0
2973,0.0
2974,0.0
2975,0.0
